index,orig_label,new_label
17729,1,7
12339,14,7
14169,13,7
5553,6,7
17404,8,7
6169,6,7
1064,3,7
5061,8,7
9608,6,7
15447,6,7
4932,8,7
10029,4,7
5034,13,7
11614,1,7
9260,7,7
5505,11,7
6057,0,7
221,8,7
16192,12,7
7206,12,7
10432,6,7
17428,10,7
14622,6,7
14057,15,7
4167,16,7
2229,0,7
16176,8,7
4291,17,7
11918,1,7
10284,9,7
296,11,7
14810,9,7
16732,11,7
2205,2,7
2903,16,7
17017,14,7
3346,13,7
1134,6,7
13908,12,7
10943,1,7
5028,12,7
14079,7,7
16455,13,7
2932,15,7
13302,15,7
8162,4,7
5833,16,7
4897,2,7
2902,15,7
15728,2,7
1577,6,7
911,3,7
9179,12,7
17368,7,7
7639,17,7
9988,11,7
10994,4,7
12675,16,7
6336,15,7
10047,4,7
12690,0,7
7866,6,7
3781,12,7
14123,15,7
2254,5,7
877,9,7
17871,7,7
2681,15,7
14035,13,7
1689,17,7
17028,11,7
11438,14,7
6300,16,7
1325,4,7
6315,12,7
15954,16,7
3616,14,7
12831,8,7
9558,15,7
5118,15,7
15069,5,7
9775,17,7
8986,4,7
1456,11,7
55,7,7
8902,11,7
1595,11,7
10858,16,7
6738,12,7
10369,17,7
17689,8,7
1498,3,7
10704,6,7
4827,16,7
17510,12,7
10591,16,7
12340,0,7
10219,15,7
7469,11,7
10684,16,7
9841,13,7
13729,13,7
3958,9,7
8750,5,7
15436,15,7
1009,6,7
14191,3,7
8512,7,7
6516,17,7
7445,11,7
17297,0,7
7390,1,7
10892,15,7
5810,1,7
17999,16,7
4019,13,7
10340,2,7
13591,0,7
8375,1,7
1525,12,7
1024,15,7
16966,5,7
1923,1,7
10119,10,7
11545,14,7
17068,3,7
9394,2,7
11519,3,7
5866,12,7
9565,1,7
4595,17,7
11760,13,7
9177,14,7
571,2,7
6864,17,7
6945,17,7
13248,17,7
405,8,7
867,0,7
1748,5,7
4587,0,7
4671,12,7
6987,10,7
11447,12,7
462,1,7
11589,9,7
15702,2,7
4685,12,7
17532,7,7
8379,4,7
2738,10,7
15862,8,7
3656,8,7
7068,2,7
17500,10,7
3138,13,7
14731,1,7
7394,10,7
1354,12,7
957,13,7
10487,16,7
5620,1,7
13757,6,7
11737,0,7
6813,10,7
15043,12,7
6804,12,7
10851,14,7
355,3,7
169,9,7
4,11,7
12551,17,7
2225,13,7
14345,16,7
973,16,7
8025,4,7
14849,6,7
12607,17,7
15822,16,7
89,16,7
2185,2,7
11089,15,7
15520,7,7
1980,4,7
516,11,7
1299,16,7
1837,6,7
16210,8,7
13432,5,7
5709,17,7
13714,1,7
12259,4,7
12453,12,7
13826,17,7
3823,12,7
14660,17,7
11565,3,7
7796,8,7
14264,1,7
1381,0,7
6351,13,7
15482,6,7
4305,8,7
15921,9,7
17345,14,7
5062,11,7
16446,5,7
855,5,7
2646,14,7
3695,13,7
4389,16,7
1628,0,7
3744,13,7
2304,8,7
7327,5,7
3841,4,7
16327,15,7
9250,3,7
14521,14,7
17688,2,7
17856,17,7
10442,7,7
14728,12,7
6740,12,7
12606,10,7
8541,14,7
7724,5,7
752,7,7
16591,2,7
13925,13,7
16554,9,7
11655,14,7
1066,8,7
14349,4,7
2260,2,7
8497,4,7
344,15,7
16560,10,7
4307,11,7
1540,8,7
12507,15,7
15472,4,7
9700,11,7
9335,1,7
11100,4,7
13280,0,7
14619,3,7
4017,2,7
4219,6,7
16837,5,7
11654,0,7
17562,16,7
15627,10,7
9922,16,7
9884,13,7
3909,7,7
15333,13,7
449,16,7
12836,1,7
11479,3,7
12069,6,7
10747,3,7
1856,9,7
2529,0,7
12956,15,7
16676,3,7
13098,2,7
3769,1,7
9059,17,7
9826,8,7
17479,3,7
16229,14,7
16770,15,7
491,13,7
14640,3,7
16075,11,7
6170,1,7
14414,6,7
16371,12,7
1949,6,7
12413,11,7
11341,8,7
6593,3,7
8205,4,7
13954,9,7
6427,6,7
13149,3,7
10901,4,7
15121,8,7
8976,8,7
963,16,7
7857,1,7
17009,15,7
14136,10,7
15799,5,7
11787,10,7
10397,11,7
6751,16,7
14457,13,7
15429,8,7
6612,3,7
13102,10,7
12087,8,7
13403,5,7
9206,10,7
12957,5,7
13630,9,7
8721,15,7
4009,1,7
6353,11,7
10533,0,7
16650,2,7
17577,13,7
11466,10,7
14760,14,7
10985,13,7
16177,12,7
12915,14,7
3583,6,7
8456,2,7
12591,4,7
7388,1,7
3097,12,7
5788,8,7
820,2,7
4542,13,7
1092,11,7
8944,10,7
13982,13,7
5670,11,7
7982,13,7
6670,6,7
4407,6,7
11212,9,7
14370,5,7
4552,7,7
16513,9,7
10424,10,7
150,14,7
12041,4,7
8190,2,7
4681,6,7
6349,17,7
12595,11,7
16643,11,7
2494,17,7
11972,13,7
5461,11,7
17635,3,7
6888,13,7
16553,2,7
14636,11,7
18,8,7
15312,13,7
14152,12,7
14714,5,7
17804,6,7
9707,2,7
8951,16,7
17912,8,7
16107,0,7
368,5,7
3906,9,7
11048,15,7
14957,6,7
8838,1,7
12636,12,7
11174,16,7
2126,10,7
17337,13,7
4676,4,7
8918,17,7
8306,9,7
7940,0,7
2142,16,7
12484,2,7
9942,7,7
17265,11,7
4540,10,7
12334,8,7
5942,3,7
15130,15,7
6876,14,7
3140,2,7
1929,3,7
5185,15,7
15250,9,7
17298,11,7
13427,3,7
8362,10,7
15428,9,7
5440,12,7
9576,1,7
4414,17,7
2930,16,7
15622,14,7
8491,6,7
14098,11,7
13050,6,7
10740,1,7
11374,4,7
12794,6,7
4102,3,7
11958,11,7
15639,0,7
7533,8,7
13594,4,7
12649,8,7
5944,0,7
2797,16,7
1943,11,7
8724,8,7
9721,17,7
6659,0,7
3613,3,7
11854,10,7
15494,2,7
11256,3,7
6264,1,7
11433,12,7
216,1,7
2679,10,7
3708,12,7
11646,17,7
4137,10,7
54,7,7
12701,17,7
5313,2,7
17466,13,7
4150,11,7
14560,0,7
15967,15,7
349,10,7
11127,13,7
4476,7,7
5889,12,7
885,6,7
14063,0,7
11167,14,7
8818,9,7
14725,13,7
16939,2,7
8288,1,7
13878,4,7
6505,0,7
16024,1,7
7626,4,7
13085,10,7
5710,6,7
13211,8,7
6093,1,7
8540,6,7
12420,13,7
8949,3,7
4224,10,7
5032,4,7
4325,9,7
2997,4,7
16539,5,7
13157,4,7
8314,6,7
8775,9,7
7183,0,7
8466,12,7
10014,17,7
1829,17,7
9923,6,7
5085,16,7
2760,17,7
9586,6,7
10921,7,7
2082,5,7
313,13,7
14813,3,7
1535,11,7
5776,3,7
10691,14,7
4003,9,7
6254,16,7
17544,5,7
13130,4,7
6899,12,7
16145,0,7
16730,13,7
7638,0,7
16805,13,7
33,6,7
8814,0,7
6025,10,7
10561,17,7
13800,5,7
11805,7,7
13386,17,7
5801,6,7
13011,4,7
4237,12,7
6641,0,7
535,0,7
2592,15,7
8834,2,7
12687,8,7
17545,3,7
17638,9,7
6399,5,7
4588,15,7
13390,13,7
8169,5,7
7665,3,7
8784,4,7
7811,8,7
4544,8,7
7655,5,7
7920,9,7
12849,7,7
5591,1,7
11326,6,7
4113,7,7
3529,10,7
4928,0,7
4843,6,7
3180,6,7
2667,9,7
4884,12,7
8148,1,7
12774,17,7
14406,14,7
11905,14,7
7134,11,7
14399,10,7
17364,1,7
6306,17,7
7199,4,7
17119,0,7
16875,8,7
9536,13,7
17204,2,7
7077,4,7
15334,11,7
11769,2,7
5196,0,7
13976,2,7
10806,15,7
5990,0,7
2381,7,7
14230,16,7
5434,0,7
16238,8,7
15197,1,7
16052,1,7
14519,6,7
9717,15,7
2933,7,7
17437,14,7
7311,14,7
14107,7,7
12601,8,7
10902,6,7
17369,8,7
5898,2,7
15534,5,7
16037,16,7
12102,8,7
1424,5,7
9582,13,7
12889,16,7
3211,1,7
14309,12,7
12327,3,7
2325,15,7
6387,15,7
9380,5,7
2663,10,7
2059,3,7
2900,6,7
13377,6,7
16734,7,7
15789,11,7
13228,11,7
118,11,7
17660,6,7
9167,8,7
7624,11,7
14004,9,7
17237,12,7
4428,1,7
10605,0,7
7135,8,7
16153,6,7
4652,2,7
1699,7,7
965,15,7
17310,3,7
13144,8,7
14477,7,7
4454,3,7
217,4,7
6824,8,7
4438,0,7
10394,1,7
3546,2,7
6392,15,7
7482,10,7
10447,5,7
8397,0,7
3413,5,7
15998,12,7
5980,10,7
15364,4,7
5771,3,7
14880,13,7
13767,15,7
17695,6,7
15011,7,7
8692,8,7
17382,11,7
15598,17,7
8901,9,7
1759,9,7
12524,14,7
15708,4,7
5663,8,7
6021,16,7
7885,7,7
9153,4,7
9178,7,7
2606,1,7
5309,3,7
3556,10,7
16209,13,7
2975,10,7
6967,13,7
4492,15,7
2860,15,7
14228,5,7
1435,1,7
12744,1,7
6532,8,7
17936,4,7
14025,2,7
8172,7,7
8773,11,7
11092,15,7
16111,6,7
10248,2,7
14159,13,7
10789,5,7
1211,11,7
15159,8,7
9802,16,7
1117,1,7
10287,3,7
496,11,7
2705,1,7
6323,10,7
16073,5,7
17588,4,7
14658,5,7
9221,15,7
14154,3,7
17341,4,7
6949,17,7
13525,9,7
10764,6,7
10125,5,7
11405,5,7
4868,2,7
15029,1,7
3509,9,7
2756,7,7
10538,7,7
17477,8,7
15303,4,7
13837,12,7
12747,9,7
9,5,7
16110,2,7
14383,17,7
6365,4,7
14709,1,7
725,3,7
3755,11,7
15059,16,7
9597,8,7
32,1,7
1284,13,7
5813,6,7
5681,14,7
10755,3,7
2989,10,7
7186,9,7
11062,2,7
5702,16,7
10049,12,7
14743,8,7
4242,0,7
13409,4,7
1533,17,7
9235,2,7
16442,4,7
5226,2,7
1840,12,7
1514,17,7
10923,8,7
6671,9,7
5816,4,7
1956,7,7
9760,13,7
9631,16,7
238,12,7
7606,10,7
17110,4,7
17406,5,7
7583,12,7
10391,0,7
9195,11,7
5643,5,7
11214,2,7
1274,12,7
6356,4,7
6644,11,7
9193,1,7
7926,9,7
14609,12,7
3063,4,7
9082,12,7
16355,14,7
17434,3,7
3440,11,7
985,0,7
4182,7,7
7324,17,7
14332,5,7
10871,12,7
523,5,7
16996,6,7
7824,11,7
16884,17,7
11184,4,7
1249,6,7
12146,3,7
10928,4,7
3330,8,7
11975,5,7
9592,10,7
12505,8,7
16131,14,7
842,4,7
11947,10,7
7800,8,7
9987,17,7
12974,6,7
9995,7,7
5952,0,7
17860,6,7
7155,2,7
4770,0,7
8197,14,7
6517,6,7
8691,10,7
9041,5,7
12426,2,7
5727,5,7
5387,17,7
9968,8,7
9758,10,7
5053,12,7
6734,6,7
15905,10,7
14736,6,7
248,11,7
4906,13,7
14739,4,7
3989,3,7
4002,4,7
15604,10,7
2173,1,7
1635,17,7
16163,8,7
11039,13,7
6125,17,7
17079,4,7
13917,14,7
3317,16,7
4924,14,7
16839,13,7
6410,10,7
9321,17,7
3222,8,7
1278,6,7
14428,1,7
5593,5,7
15117,1,7
337,5,7
9809,15,7
3380,0,7
12753,0,7
17665,15,7
16666,1,7
11622,5,7
6207,10,7
17026,5,7
14211,17,7
545,7,7
11250,1,7
14377,4,7
10615,13,7
15936,1,7
12291,1,7
7143,16,7
7860,11,7
8652,9,7
5847,15,7
7896,7,7
7404,12,7
14550,11,7
12748,2,7
5229,6,7
9473,6,7
7522,11,7
8549,14,7
7882,11,7
878,5,7
9161,13,7
17326,2,7
3234,6,7
6966,12,7
10776,12,7
9622,8,7
5974,3,7
3179,10,7
3829,4,7
2113,8,7
8729,10,7
10204,0,7
3753,7,7
17852,8,7
12248,4,7
12994,16,7
1731,14,7
10702,3,7
5698,14,7
15223,5,7
12231,12,7
3879,0,7
11986,17,7
64,1,7
9832,4,7
12876,3,7
16558,11,7
15037,14,7
7115,4,7
8121,7,7
10386,16,7
232,11,7
9171,7,7
10302,6,7
16414,6,7
17902,14,7
14577,14,7
276,17,7
2566,6,7
12937,0,7
17225,14,7
7443,8,7
11689,8,7
5485,14,7
8559,10,7
11981,17,7
16655,9,7
12287,5,7
727,0,7
14847,3,7
2906,11,7
1177,7,7
3761,2,7
11977,17,7
10277,11,7
4908,13,7
13156,6,7
4962,10,7
6693,4,7
7612,7,7
11443,8,7
11872,7,7
13415,10,7
12357,0,7
15854,7,7
6247,8,7
9270,17,7
10006,5,7
3587,9,7
634,7,7
7053,16,7
7672,5,7
13294,4,7
3143,14,7
15189,13,7
5559,13,7
9834,12,7
9370,17,7
14439,8,7
10780,1,7
14304,9,7
2898,11,7
94,16,7
7298,4,7
11953,2,7
17375,3,7
5311,7,7
5150,6,7
12299,9,7
10795,12,7
7972,14,7
7615,6,7
15657,2,7
2752,3,7
13129,13,7
14536,6,7
215,0,7
9663,8,7
7463,17,7
10688,0,7
12369,17,7
3100,9,7
11471,15,7
1975,11,7
4381,8,7
7158,3,7
13299,10,7
4260,2,7
2639,0,7
2446,4,7
7802,2,7
3047,3,7
15792,12,7
15677,3,7
17492,9,7
645,0,7
476,14,7
6760,6,7
9945,17,7
15203,0,7
12861,12,7
14133,1,7
1946,3,7
481,9,7
1159,7,7
6506,16,7
2396,0,7
9738,9,7
13842,4,7
2689,6,7
6750,17,7
12802,8,7
2952,11,7
12293,3,7
13911,13,7
12722,0,7
6283,11,7
11696,9,7
3751,1,7
5425,17,7
2458,7,7
10848,12,7
1832,2,7
11800,3,7
6102,3,7
14233,8,7
8562,9,7
7739,16,7
15385,1,7
2522,4,7
11621,0,7
10966,13,7
7775,3,7
13044,12,7
419,2,7
690,7,7
17962,11,7
16260,1,7
4942,10,7
3162,13,7
8621,4,7
14789,10,7
7996,4,7
16597,0,7
4230,2,7
10495,16,7
1324,15,7
17127,4,7
15133,6,7
5358,12,7
11354,0,7
4109,10,7
4049,14,7
9104,17,7
17179,1,7
11063,7,7
13898,3,7
9485,3,7
5427,11,7
7349,15,7
9307,0,7
14112,10,7
4788,0,7
9513,11,7
718,10,7
3928,0,7
2187,17,7
13624,7,7
10710,14,7
2650,12,7
9754,9,7
10409,7,7
13724,15,7
10057,5,7
11794,5,7
7319,1,7
15577,9,7
8807,12,7
16302,17,7
4837,10,7
14165,12,7
2518,7,7
3448,12,7
1410,7,7
5429,2,7
6999,3,7
5030,14,7
4395,13,7
6702,1,7
16346,5,7
4126,7,7
9067,16,7
9706,11,7
3756,16,7
6527,15,7
8457,14,7
16501,15,7
8547,16,7
7494,11,7
11851,16,7
11937,4,7
16589,3,7
10707,17,7
1138,13,7
11313,4,7
6152,0,7
1379,11,7
4376,16,7
2186,0,7
9450,1,7
14997,16,7
2138,8,7
14730,0,7
17620,7,7
7160,6,7
14908,14,7
9020,0,7
1479,3,7
15162,8,7
3557,12,7
4440,3,7
13835,14,7
6058,6,7
13485,12,7
14913,9,7
12430,15,7
13675,4,7
16874,6,7
2812,0,7
16441,14,7
13361,11,7
13186,8,7
976,1,7
942,2,7
16583,17,7
12301,5,7
6015,12,7
3854,13,7
1934,17,7
5767,1,7
16569,2,7
11912,8,7
15289,3,7
14155,16,7
913,13,7
8347,3,7
710,0,7
13640,5,7
16526,5,7
17212,17,7
1290,0,7
12518,0,7
10294,10,7
10526,14,7
16745,14,7
9470,2,7
9779,5,7
3109,2,7
12089,12,7
13221,1,7
16310,8,7
4053,15,7
11846,12,7
6747,3,7
10581,15,7
559,4,7
1181,4,7
2731,9,7
639,2,7
10106,15,7
9406,12,7
1217,2,7
7365,16,7
17824,7,7
8906,10,7
2457,14,7
1521,13,7
5965,10,7
8363,2,7
14073,11,7
13945,8,7
9632,12,7
15198,15,7
10210,6,7
10073,2,7
17789,2,7
7971,3,7
1283,4,7
10063,1,7
390,1,7
3825,11,7
13422,10,7
6304,1,7
17342,1,7
6658,2,7
6447,2,7
9419,5,7
2859,7,7
6995,2,7
13058,0,7
323,12,7
7589,11,7
6891,10,7
2741,3,7
2432,6,7
15282,0,7
7875,17,7
4406,2,7
374,12,7
13549,6,7
3596,4,7
7526,5,7
13575,12,7
1937,13,7
3815,17,7
7901,6,7
5982,9,7
12364,14,7
4550,2,7
16995,17,7
6602,5,7
16103,5,7
6997,8,7
12054,16,7
8858,8,7
9532,11,7
7530,6,7
17945,14,7
12283,1,7
3308,5,7
13159,1,7
13637,2,7
10038,3,7
2382,9,7
923,13,7
1246,4,7
4761,12,7
1763,14,7
10061,0,7
8966,3,7
4657,8,7
12245,12,7
11577,16,7
424,6,7
9014,17,7
1764,5,7
4225,1,7
6791,1,7
8981,8,7
6109,9,7
12936,2,7
1555,11,7
13629,8,7
1877,9,7
12784,3,7
6481,13,7
14147,16,7
10207,4,7
7496,11,7
7076,10,7
2124,12,7
8060,17,7
810,9,7
732,0,7
13833,12,7
15285,8,7
2581,10,7
6282,1,7
17612,17,7
1419,15,7
3411,8,7
14641,10,7
2319,15,7
6786,17,7
13991,4,7
3010,17,7
2532,9,7
4417,9,7
14742,14,7
1029,0,7
4758,8,7
15750,15,7
3168,8,7
15586,10,7
7159,2,7
13822,6,7
17097,14,7
6657,10,7
689,13,7
13870,1,7
7799,6,7
14221,9,7
14513,3,7
7157,9,7
14335,8,7
9587,3,7
2258,7,7
3500,0,7
14996,16,7
11069,16,7
14534,7,7
2424,3,7
6101,2,7
10838,14,7
8748,17,7
6077,12,7
10998,0,7
8181,5,7
2274,0,7
8564,9,7
17511,6,7
2498,2,7
1054,10,7
4313,12,7
3200,3,7
2057,11,7
17268,10,7
272,16,7
12822,9,7
10802,11,7
5737,9,7
10130,1,7
14629,4,7
10993,13,7
92,17,7
944,13,7
7238,0,7
16040,0,7
6805,6,7
413,17,7
3992,11,7
5563,9,7
529,0,7
6061,3,7
16190,14,7
12543,2,7
17989,17,7
1578,1,7
11666,15,7
4368,17,7
13198,11,7
7790,5,7
14663,5,7
6334,3,7
5811,10,7
2105,6,7
14855,2,7
7141,12,7
14094,15,7
12911,8,7
678,4,7
12761,7,7
14464,14,7
7058,16,7
806,16,7
8286,5,7
10692,0,7
8528,12,7
14562,0,7
14954,12,7
11207,16,7
1869,6,7
13845,8,7
2421,8,7
6146,0,7
5057,4,7
17018,14,7
14681,9,7
7487,14,7
9929,13,7
17016,8,7
15517,13,7
6446,10,7
357,5,7
16065,2,7
5166,5,7
8785,10,7
9054,15,7
5773,2,7
9477,8,7
17946,2,7
8103,17,7
7946,2,7
6736,0,7
11685,17,7
2356,9,7
2013,16,7
8984,7,7
4362,2,7
2642,7,7
13716,2,7
9483,1,7
8077,13,7
10834,9,7
10562,8,7
5955,15,7
3778,6,7
15071,7,7
9746,10,7
17582,11,7
17993,1,7
7535,1,7
10489,1,7
13970,15,7
10783,1,7
9475,0,7
1776,4,7
17107,1,7
3636,6,7
9108,17,7
4705,17,7
4464,17,7
12796,8,7
15800,15,7
5453,1,7
4145,5,7
9875,16,7
9166,2,7
8868,14,7
4510,8,7
7041,10,7
14842,4,7
15996,7,7
3560,12,7
13838,2,7
11452,16,7
15733,8,7
11345,14,7
11047,15,7
17816,13,7
6569,0,7
2159,12,7
11482,11,7
2527,3,7
6886,5,7
3195,8,7
6010,17,7
10931,2,7
11243,16,7
3133,5,7
11880,14,7
5500,0,7
13064,7,7
7354,0,7
1128,13,7
15723,6,7
6202,0,7
3001,13,7
7381,15,7
17845,3,7
7720,12,7
14773,12,7
1666,13,7
3006,1,7
7107,4,7
1310,3,7
6288,3,7
4911,5,7
16778,12,7
3682,4,7
3643,5,7
5465,1,7
15877,17,7
17295,16,7
16289,12,7
8236,9,7
1453,8,7
11486,4,7
2582,17,7
8508,0,7
4449,11,7
1818,2,7
15539,11,7
12285,17,7
1522,9,7
8059,17,7
6710,7,7
2841,6,7
8102,17,7
12972,11,7
4715,14,7
10683,14,7
9647,16,7
5298,16,7
2303,13,7
2674,3,7
17324,8,7
2982,13,7
8117,0,7
14776,7,7
6411,2,7
9110,5,7
8629,13,7
12818,17,7
8998,2,7
10368,7,7
17893,6,7
5722,14,7
107,7,7
17595,16,7
9341,17,7
17931,15,7
12765,8,7
12955,14,7
15536,14,7
8049,2,7
2722,9,7
7984,16,7
11152,3,7
3416,9,7
13851,7,7
11660,9,7
13216,7,7
8615,16,7
11543,3,7
10760,4,7
17514,0,7
4248,4,7
10187,0,7
15047,15,7
16467,12,7
15689,5,7
10891,6,7
6737,8,7
15758,3,7
17596,0,7
12079,8,7
6630,8,7
13572,15,7
16820,15,7
1020,8,7
9367,8,7
17917,15,7
3931,11,7
5596,11,7
5398,9,7
1543,10,7
15811,6,7
2405,3,7
7903,17,7
1101,6,7
12682,5,7
16432,10,7
17536,12,7
2481,1,7
16706,8,7
8203,10,7
4523,6,7
10620,0,7
9415,15,7
13383,5,7
10922,16,7
16105,8,7
13452,17,7
11898,17,7
12602,0,7
8608,9,7
7881,3,7
7280,13,7
6992,17,7
7653,12,7
5904,12,7
10046,7,7
1900,2,7
464,15,7
35,9,7
2977,0,7
16968,2,7
281,9,7
7747,14,7
7080,10,7
934,6,7
10146,4,7
4777,16,7
3184,16,7
14961,1,7
1808,0,7
6118,2,7
2622,0,7
7034,4,7
15310,14,7
9791,7,7
12176,12,7
16886,6,7
9993,8,7
126,1,7
17109,13,7
16348,14,7
14273,3,7
2379,16,7
7330,4,7
2110,3,7
9985,0,7
6660,2,7
14181,5,7
6187,7,7
4052,11,7
4363,3,7
1123,3,7
12001,4,7
8786,6,7
7931,16,7
5864,12,7
2355,16,7
9214,8,7
12323,11,7
4517,9,7
13778,3,7
7547,6,7
14791,15,7
12161,15,7
12182,5,7
14857,15,7
10056,8,7
14001,13,7
15530,14,7
14454,5,7
17494,5,7
17785,8,7
10201,9,7
6383,15,7
670,8,7
5182,12,7
7723,12,7
11455,13,7
16635,0,7
1601,16,7
3960,7,7
4807,9,7
13887,3,7
12004,15,7
4467,3,7
1882,7,7
14785,8,7
5612,16,7
2990,6,7
1683,15,7
4781,10,7
4707,3,7
3919,7,7
10423,17,7
6133,9,7
7486,11,7
5800,16,7
861,17,7
14435,8,7
6273,15,7
13118,1,7
13681,5,7
4006,17,7
5659,11,7
6691,4,7
17489,12,7
4189,6,7
6163,15,7
15405,7,7
527,2,7
13924,4,7
17059,7,7
2830,5,7
11386,13,7
14492,4,7
14697,5,7
11883,15,7
12294,5,7
11285,5,7
16261,11,7
15000,13,7
7843,11,7
11300,17,7
14141,11,7
13448,6,7
9173,3,7
4853,0,7
8783,1,7
14623,5,7
564,16,7
4650,9,7
49,13,7
7385,11,7
11759,4,7
13824,11,7
8685,15,7
13308,15,7
10093,6,7
7762,17,7
11090,11,7
14904,10,7
5408,2,7
13770,0,7
316,7,7
12642,10,7
8036,15,7
5673,5,7
2767,12,7
2326,7,7
15229,13,7
693,10,7
4444,9,7
12707,15,7
17353,9,7
9149,16,7
10320,3,7
512,8,7
5745,16,7
3732,17,7
11385,13,7
15592,12,7
8354,14,7
15797,14,7
5334,12,7
666,14,7
11275,11,7
8791,2,7
1206,15,7
16988,2,7
6551,7,7
14034,6,7
12603,5,7
3946,2,7
676,10,7
1796,1,7
16365,17,7
14381,12,7
8472,13,7
8474,13,7
12297,5,7
2750,6,7
16738,14,7
2118,12,7
9823,7,7
8113,3,7
14549,0,7
7844,7,7
13479,7,7
11641,1,7
12519,0,7
11713,5,7
6826,4,7
6624,5,7
15386,1,7
8395,14,7
8129,15,7
12553,16,7
4759,15,7
1266,7,7
6065,16,7
1109,9,7
2571,13,7
11389,10,7
8741,5,7
3803,4,7
11149,8,7
11887,8,7
17442,10,7
9404,0,7
15653,4,7
7967,14,7
16973,5,7
10643,5,7
12847,3,7
6436,0,7
17024,5,7
14635,13,7
3205,5,7
1584,3,7
3111,5,7
2214,2,7
7777,1,7
4888,11,7
1014,16,7
13603,0,7
14086,8,7
5119,11,7
10065,6,7
2236,13,7
16151,7,7
770,15,7
6914,14,7
10537,3,7
9072,3,7
9121,12,7
17482,5,7
15856,3,7
17330,16,7
4288,11,7
12238,11,7
747,15,7
12608,12,7
3669,1,7
1790,3,7
8200,8,7
14879,12,7
4647,9,7
8370,4,7
971,4,7
4654,8,7
16070,1,7
16044,11,7
5454,13,7
7073,1,7
375,15,7
5935,11,7
15432,4,7
7274,1,7
10011,13,7
3978,8,7
14649,12,7
16844,17,7
11751,14,7
14189,0,7
10651,14,7
10816,17,7
14266,1,7
2052,4,7
4481,15,7
5346,5,7
2016,12,7
7690,12,7
9459,2,7
17319,16,7
2513,16,7
2398,14,7
16922,14,7
3694,2,7
5455,5,7
8307,4,7
13400,8,7
4794,5,7
15578,5,7
17274,12,7
14599,10,7
14624,17,7
11001,14,7
5868,0,7
814,1,7
2723,1,7
17685,8,7
17352,16,7
14450,15,7
12024,12,7
16360,12,7
1189,11,7
851,10,7
14966,15,7
14547,1,7
5094,7,7
16175,17,7
8033,15,7
3155,17,7
1773,8,7
2472,3,7
13068,0,7
7481,6,7
6495,8,7
7617,10,7
8204,11,7
7277,15,7
1175,12,7
5348,11,7
17839,6,7
4098,2,7
13182,6,7
12718,11,7
7814,5,7
5682,4,7
5198,1,7
7379,1,7
16033,9,7
3564,11,7
10791,12,7
6210,13,7
12573,10,7
10862,3,7
8501,1,7
1193,11,7
3653,12,7
10331,16,7
11859,16,7
13468,15,7
4151,15,7
6345,5,7
17380,17,7
14947,14,7
5494,15,7
12211,10,7
8702,10,7
14677,17,7
5897,2,7
8778,8,7
10081,1,7
5267,13,7
13317,8,7
16907,6,7
10763,0,7
3659,6,7
12390,15,7
1302,10,7
16317,0,7
5676,14,7
13203,7,7
2998,12,7
9927,4,7
15213,4,7
7398,10,7
5295,11,7
3639,6,7
4959,17,7
6627,14,7
16958,1,7
8597,11,7
12990,13,7
12866,6,7
17195,17,7
9010,14,7
5556,2,7
15392,10,7
15516,17,7
14490,7,7
4836,4,7
8298,6,7
17533,4,7
2955,8,7
2754,4,7
11234,11,7
13238,10,7
8863,8,7
2293,2,7
9974,3,7
908,0,7
2559,13,7
4949,10,7
11322,11,7
8640,15,7
17874,7,7
5524,4,7
15669,7,7
1925,0,7
13123,0,7
16120,14,7
8710,9,7
15814,4,7
13146,2,7
1248,6,7
789,3,7
3326,2,7
6866,17,7
7725,4,7
12834,12,7
11200,14,7
8885,0,7
16018,1,7
7171,13,7
10907,2,7
6646,16,7
7096,15,7
599,6,7
502,15,7
8158,6,7
4352,3,7
11598,14,7
1612,10,7
7917,3,7
3899,11,7
9480,3,7
4999,5,7
8762,14,7
825,1,7
253,14,7
12545,6,7
4188,10,7
3531,10,7
10243,4,7
6604,13,7
16332,17,7
5554,9,7
4961,7,7
1396,6,7
5758,3,7
4977,6,7
15893,16,7
2942,10,7
16674,3,7
11077,1,7
16537,2,7
1968,7,7
12647,2,7
9168,7,7
7797,0,7
9655,16,7
6690,3,7
17371,5,7
5039,10,7
8679,15,7
11135,9,7
1821,13,7
495,0,7
1483,13,7
6801,7,7
16291,15,7
14234,10,7
17255,17,7
12016,7,7
7564,8,7
6585,5,7
3948,15,7
17031,8,7
4130,14,7
7504,1,7
17694,7,7
8128,2,7
4398,4,7
9846,17,7
1493,7,7
13741,0,7
2426,11,7
8420,6,7
4568,1,7
14130,6,7
10744,3,7
8927,14,7
13204,3,7
13931,7,7
7480,8,7
3623,4,7
15267,15,7
7713,6,7
1752,12,7
7120,15,7
16123,13,7
16246,6,7
16809,9,7
15299,2,7
12643,6,7
10220,10,7
4091,7,7
10503,11,7
13142,6,7
8408,13,7
11844,11,7
6828,1,7
5376,6,7
12566,9,7
10330,7,7
6341,1,7
3349,14,7
9075,16,7
8732,5,7
1383,6,7
7561,14,7
5880,5,7
2783,17,7
14143,3,7
4338,16,7
5362,14,7
15427,12,7
14042,9,7
12132,12,7
7668,8,7
15617,12,7
2427,5,7
13708,1,7
2162,15,7
7745,2,7
10159,14,7
13160,5,7
9022,16,7
8293,6,7
9980,10,7
15491,11,7
10358,15,7
15975,6,7
459,3,7
17178,2,7
2710,0,7
16401,0,7
8407,2,7
72,11,7
14236,5,7
4276,0,7
15621,3,7
10676,8,7
8432,15,7
8766,5,7
12240,3,7
9379,14,7
2954,16,7
11244,14,7
9794,13,7
668,14,7
15935,3,7
1261,5,7
8422,15,7
8980,3,7
6862,8,7
8940,13,7
16816,5,7
5293,3,7
11672,5,7
14014,1,7
1028,2,7
473,2,7
5677,4,7
16237,4,7
16720,16,7
1347,3,7
11423,16,7
2095,0,7
13016,10,7
14090,0,7
14733,9,7
6338,12,7
9114,12,7
15384,13,7
6541,1,7
4202,4,7
6796,1,7
9211,11,7
13948,11,7
4534,11,7
10416,6,7
6420,7,7
17801,14,7
15309,4,7
10373,6,7
4556,1,7
16661,9,7
11238,17,7
7101,13,7
9571,4,7
11350,2,7
16817,1,7
1051,10,7
7194,13,7
10529,12,7
11494,12,7
13725,13,7
8730,6,7
17554,7,7
3644,3,7
1928,2,7
17040,12,7
17542,13,7
5312,5,7
3493,13,7
16410,15,7
10619,1,7
9540,2,7
6423,4,7
3458,12,7
7830,15,7
9196,13,7
14053,15,7
3705,4,7
7170,11,7
5222,10,7
17819,10,7
2387,9,7
17693,4,7
2588,15,7
2184,6,7
5860,9,7
12359,9,7
12966,15,7
8198,6,7
14142,1,7
11584,0,7
7323,11,7
4075,5,7
16679,17,7
14614,2,7
13335,2,7
711,6,7
821,7,7
252,9,7
11562,8,7
3481,11,7
13358,2,7
11348,3,7
1049,10,7
2686,8,7
7823,14,7
2296,0,7
12460,0,7
17242,6,7
13863,5,7
9199,13,7
2644,8,7
13985,11,7
2297,4,7
8656,10,7
1822,14,7
9543,14,7
75,17,7
9076,4,7
17524,15,7
13295,12,7
16322,11,7
8983,3,7
14389,10,7
12560,1,7
11475,14,7
2836,9,7
12163,6,7
17436,4,7
13001,17,7
11628,1,7
7241,6,7
13002,9,7
16250,7,7
13854,13,7
5413,15,7
15300,5,7
10138,5,7
5410,16,7
5316,10,7
15546,10,7
7787,7,7
2036,5,7
9619,8,7
15450,10,7
9776,3,7
2223,6,7
11163,17,7
12492,12,7
9761,11,7
14653,8,7
1972,2,7
9147,11,7
681,14,7
9011,3,7
1407,11,7
1571,14,7
1475,15,7
13384,15,7
8552,10,7
1814,12,7
10441,4,7
12131,12,7
3913,1,7
5995,0,7
8027,0,7
16654,9,7
6939,7,7
15778,0,7
14150,4,7
363,6,7
7100,15,7
8565,2,7
12046,9,7
13334,16,7
1536,5,7
14763,0,7
8904,9,7
13139,17,7
6409,0,7
9119,12,7
1885,8,7
13817,4,7
3390,10,7
6906,13,7
12637,13,7
11485,2,7
15307,4,7
1192,11,7
17104,15,7
5856,14,7
2985,12,7
3432,1,7
17176,10,7
5508,13,7
3059,14,7
2328,3,7
11213,6,7
13207,12,7
11343,13,7
7729,9,7
14162,10,7
9638,11,7
6188,13,7
8232,13,7
16458,13,7
1570,14,7
15466,3,7
14352,8,7
12422,4,7
10087,11,7
17354,8,7
7757,6,7
17710,16,7
12148,13,7
16171,7,7
886,16,7
1510,1,7
4787,6,7
14336,10,7
4736,4,7
15469,12,7
14329,11,7
743,15,7
5065,2,7
6846,2,7
14486,6,7
8125,9,7
9559,0,7
9978,2,7
2779,10,7
15685,8,7
4731,15,7
7861,16,7
5221,4,7
3515,12,7
5921,3,7
6245,14,7
15305,17,7
9539,10,7
5192,6,7
12715,11,7
15563,13,7
17525,3,7
6362,5,7
14124,6,7
2212,5,7
11450,2,7
13043,7,7
10544,11,7
12494,12,7
10440,17,7
13565,1,7
14328,2,7
12893,15,7
14283,8,7
10167,5,7
13936,4,7
1428,15,7
6638,17,7
8332,11,7
3698,13,7
5516,15,7
1121,15,7
1132,4,7
13758,16,7
1860,17,7
17122,1,7
12173,11,7
13429,7,7
15093,12,7
17653,13,7
15826,11,7
13570,5,7
10003,7,7
1580,2,7
13297,4,7
8767,10,7
11548,6,7
230,10,7
5074,6,7
8601,13,7
5895,6,7
13762,14,7
10421,3,7
2525,7,7
17773,14,7
11670,7,7
12656,16,7
14320,3,7
14597,3,7
5477,17,7
16017,12,7
17166,4,7
876,1,7
4347,0,7
17783,9,7
7965,14,7
8948,16,7
1135,10,7
9217,1,7
13344,15,7
547,9,7
15709,4,7
3477,7,7
5996,0,7
7794,0,7
1902,17,7
6985,16,7
1547,13,7
17182,16,7
6773,3,7
8672,15,7
13343,10,7
3430,3,7
11709,6,7
1634,3,7
3689,2,7
4889,0,7
6239,10,7
14758,4,7
16121,7,7
2577,12,7
7202,16,7
940,14,7
16691,11,7
6684,16,7
7899,13,7
17346,12,7
17370,9,7
13804,15,7
8761,10,7
10509,9,7
4054,6,7
7049,4,7
17458,1,7
3652,9,7
14018,13,7
3683,12,7
11731,17,7
15,5,7
2251,16,7
16122,3,7
12133,15,7
2813,15,7
5422,14,7
12791,15,7
17910,11,7
11734,9,7
4626,0,7
5289,3,7
15813,13,7
12373,12,7
8676,3,7
3806,8,7
5281,11,7
11335,2,7
2043,7,7
3299,6,7
2333,5,7
4980,17,7
12840,0,7
4408,17,7
17847,8,7
13111,13,7
807,1,7
16089,14,7
8585,15,7
591,14,7
17745,5,7
13465,1,7
17379,13,7
9821,4,7
4629,1,7
14161,6,7
17748,4,7
3055,14,7
7577,3,7
10805,6,7
531,5,7
16316,8,7
10152,5,7
11325,4,7
14685,1,7
16828,9,7
16005,8,7
7375,12,7
5959,12,7
1011,2,7
3618,8,7
2814,17,7
15754,0,7
2918,13,7
11165,14,7
63,11,7
13569,1,7
7493,15,7
9479,5,7
1264,9,7
11932,13,7
59,7,7
1390,14,7
5341,15,7
11334,2,7
17451,8,7
2,14,7
7551,5,7
10390,8,7
9736,10,7
8577,12,7
6113,16,7
9492,2,7
6140,13,7
9733,11,7
10223,11,7
7457,12,7
2608,14,7
4816,17,7
15095,1,7
8061,17,7
4776,6,7
3507,8,7
3575,8,7
12336,6,7
14461,9,7
1137,7,7
834,16,7
507,10,7
3236,4,7
5519,14,7
62,9,7
2764,11,7
2316,3,7
9887,7,7
13843,11,7
9848,10,7
10239,2,7
9763,4,7
1644,3,7
14502,13,7
10293,5,7
11824,10,7
14437,1,7
12532,13,7
714,4,7
15242,0,7
13820,1,7
7634,14,7
17681,4,7
17898,2,7
3882,12,7
12487,2,7
4443,16,7
17738,6,7
3103,17,7
3209,15,7
11232,9,7
11194,17,7
15606,12,7
16721,16,7
15165,0,7
506,9,7
12938,2,7
1450,17,7
9253,10,7
6969,8,7
10999,13,7
7449,16,7
14473,5,7
13119,1,7
16519,1,7
11540,3,7
5689,14,7
13062,14,7
5574,15,7
13456,16,7
6011,10,7
3834,14,7
3364,3,7
10271,16,7
9181,12,7
9338,6,7
3157,14,7
13529,5,7
13045,0,7
2780,15,7
13508,0,7
2969,6,7
3658,5,7
15060,17,7
6858,2,7
2127,4,7
13444,3,7
5927,17,7
3384,4,7
10682,9,7
9688,10,7
1081,13,7
12514,1,7
6048,15,7
2766,14,7
16960,1,7
11417,1,7
8263,0,7
14371,14,7
3031,16,7
242,8,7
9782,12,7
7188,2,7
3371,10,7
10141,5,7
8471,13,7
1548,14,7
511,16,7
16333,3,7
2967,16,7
1597,9,7
1030,15,7
2022,7,7
5305,8,7
2246,4,7
15612,14,7
16636,3,7
4412,15,7
2615,2,7
17267,9,7
17402,9,7
8607,16,7
11190,10,7
2094,16,7
7240,12,7
3187,12,7
7087,7,7
16152,9,7
1468,0,7
11814,6,7
9696,14,7
2503,8,7
7858,16,7
5466,4,7
17008,4,7
6205,8,7
1365,1,7
5660,15,7
6200,16,7
4716,15,7
11195,7,7
13388,17,7
8146,9,7
9126,13,7
7060,2,7
12792,13,7
17978,13,7
11018,15,7
1343,7,7
9741,15,7
15279,2,7
27,1,7
6085,8,7
16894,13,7
2171,5,7
12290,14,7
16935,3,7
13173,8,7
354,6,7
17604,5,7
4147,9,7
6227,4,7
2015,7,7
13284,15,7
6256,10,7
15725,0,7
5395,13,7
13597,14,7
12419,15,7
9715,17,7
16436,17,7
3685,17,7
14148,5,7
4683,1,7
16062,16,7
896,11,7
17333,11,7
4493,8,7
7145,2,7
13255,6,7
791,11,7
15753,12,7
3306,5,7
13539,14,7
288,7,7
5518,16,7
14491,14,7
13907,6,7
14583,17,7
983,15,7
343,6,7
16496,13,7
9034,10,7
4345,15,7
3261,2,7
7066,2,7
10154,12,7
15643,10,7
14367,15,7
3370,15,7
12555,6,7
10335,0,7
9604,2,7
1069,5,7
17389,1,7
10634,10,7
16752,3,7
88,0,7
13813,8,7
3285,2,7
3400,5,7
1399,2,7
2534,11,7
15984,1,7
17329,15,7
3091,9,7
16595,15,7
8853,13,7
658,3,7
17446,2,7
7191,15,7
8693,8,7
13559,16,7
9774,13,7
13910,14,7
11941,14,7
4894,14,7
5584,5,7
4902,1,7
13500,1,7
11098,16,7
10191,5,7
12397,0,7
15837,9,7
5054,6,7
2655,13,7
14812,17,7
9828,3,7
16283,3,7
7916,17,7
4594,2,7
5129,11,7
6328,9,7
13541,8,7
4451,0,7
11856,16,7
11488,7,7
7534,2,7
14441,8,7
15087,10,7
6726,5,7
12800,10,7
9814,14,7
3545,14,7
4118,4,7
15821,9,7
5765,8,7
15927,11,7
14932,14,7
1945,3,7
14801,10,7
1627,12,7
4129,15,7
5768,8,7
16240,1,7
8667,14,7
625,16,7
1801,5,7
10596,6,7
14403,7,7
10646,14,7
13748,14,7
5597,14,7
7798,7,7
903,10,7
420,1,7
11219,11,7
212,17,7
12427,8,7
6970,8,7
16714,13,7
16940,10,7
5144,5,7
319,1,7
7785,7,7
8329,11,7
6583,1,7
8376,3,7
6257,12,7
13458,0,7
6934,16,7
10019,10,7
11527,0,7
8130,2,7
6951,1,7
2476,7,7
8360,8,7
10246,15,7
13644,2,7
3665,14,7
11041,1,7
10939,5,7
4586,3,7
11651,13,7
9692,0,7
9244,13,7
4602,14,7
10899,5,7
17519,6,7
2193,17,7
1056,10,7
17509,17,7
16030,13,7
6348,10,7
2694,12,7
5299,14,7
11669,11,7
11715,3,7
13588,1,7
17905,6,7
16036,5,7
7195,8,7
8021,11,7
956,11,7
12322,9,7
687,4,7
1954,9,7
6408,7,7
10327,7,7
3426,9,7
1340,14,7
9005,17,7
9001,12,7
15155,6,7
4263,0,7
11723,11,7
9855,3,7
12275,17,7
12639,7,7
2400,3,7
1962,10,7
8935,4,7
156,0,7
13373,0,7
10407,8,7
12785,8,7
10337,12,7
9550,16,7
5132,2,7
11922,13,7
7677,16,7
1027,5,7
2139,3,7
11295,8,7
1118,0,7
7774,12,7
8625,10,7
15107,7,7
14232,2,7
6892,11,7
2243,14,7
2816,6,7
8937,16,7
1268,17,7
8067,5,7
10463,8,7
2149,14,7
6139,2,7
10171,11,7
9386,8,7
2961,4,7
11394,13,7
8917,0,7
14553,9,7
4872,0,7
1403,2,7
1367,3,7
15431,7,7
14020,10,7
9465,1,7
10101,7,7
8517,7,7
5291,3,7
5011,8,7
12207,10,7
3310,7,7
12333,9,7
15403,7,7
7266,16,7
17508,15,7
8221,4,7
10459,10,7
17066,0,7
11142,9,7
9808,10,7
13172,13,7
11780,9,7
14574,15,7
9864,4,7
14914,16,7
17771,10,7
10980,1,7
12106,5,7
6701,6,7
12050,6,7
1199,10,7
12927,7,7
1566,14,7
2315,12,7
4304,2,7
8603,5,7
9637,2,7
143,16,7
8570,3,7
11658,9,7
1824,12,7
12578,3,7
17063,12,7
1084,10,7
17974,6,7
3952,8,7
4383,6,7
7297,17,7
15373,2,7
5409,4,7
10008,1,7
6869,7,7
7347,8,7
148,1,7
14101,5,7
12347,1,7
3169,5,7
4123,3,7
11580,4,7
7864,7,7
3797,16,7
12665,11,7
470,17,7
1205,3,7
2451,15,7
16532,2,7
10160,17,7
641,2,7
16919,17,7
5355,4,7
2863,8,7
4742,6,7
12672,14,7
17877,8,7
12048,16,7
4011,14,7
539,0,7
11604,12,7
6459,9,7
15831,4,7
6375,7,7
7990,17,7
12621,14,7
4969,11,7
298,3,7
2635,13,7
3334,4,7
6460,11,7
1561,4,7
14418,7,7
17758,4,7
4261,16,7
15389,12,7
15610,13,7
6234,13,7
2466,0,7
14286,10,7
3650,9,7
15510,5,7
5188,11,7
6766,9,7
3997,9,7
4746,12,7
12758,3,7
4380,7,7
2737,16,7
2374,11,7
657,13,7
15699,0,7
15489,12,7
2153,3,7
7699,13,7
410,16,7
6822,16,7
6854,14,7
15276,2,7
8575,10,7
8151,8,7
14353,12,7
8578,16,7
2417,4,7
3844,3,7
12723,0,7
2479,13,7
1127,4,7
11156,7,7
1078,4,7
14581,15,7
4160,11,7
819,0,7
12392,11,7
2091,3,7
1588,12,7
11512,2,7
10879,9,7
17650,13,7
4531,16,7
3293,4,7
9474,10,7
12515,4,7
14631,3,7
4023,5,7
3780,8,7
2996,13,7
8399,1,7
6343,0,7
4972,9,7
9084,4,7
11532,4,7
3405,17,7
3819,0,7
7023,17,7
11160,6,7
109,11,7
2000,11,7
5838,12,7
17481,6,7
11139,0,7
58,7,7
555,12,7
9500,14,7
15175,3,7
9709,12,7
7164,3,7
2593,4,7
9783,9,7
5779,9,7
12162,5,7
10912,2,7
10917,0,7
5486,5,7
4135,15,7
1257,8,7
803,3,7
10525,2,7
14003,10,7
14404,11,7
618,7,7
8753,2,7
15132,8,7
871,1,7
8261,1,7
5169,7,7
6384,9,7
8617,11,7
6678,7,7
8468,10,7
10341,10,7
8259,13,7
17507,14,7
11111,0,7
7192,3,7
13788,13,7
11656,4,7
2310,6,7
13455,0,7
13923,5,7
3216,5,7
5233,16,7
11783,13,7
7900,15,7
1361,3,7
10091,17,7
15024,14,7
6650,8,7
3746,1,7
9764,5,7
4613,14,7
14167,14,7
12292,17,7
7367,2,7
9460,2,7
7865,13,7
6260,9,7
6415,13,7
7849,17,7
698,15,7
10558,11,7
2541,7,7
12537,3,7
9278,8,7
1359,8,7
17357,4,7
171,8,7
12352,9,7
13674,17,7
824,0,7
12502,6,7
16822,12,7
4952,3,7
12949,4,7
15880,2,7
15031,3,7
17172,16,7
5219,4,7
1444,16,7
6880,8,7
1182,2,7
2322,9,7
7918,8,7
9219,10,7
14993,8,7
10213,12,7
4386,8,7
1040,17,7
4782,8,7
14251,4,7
16927,16,7
3341,7,7
7915,15,7
17927,15,7
1207,0,7
11607,12,7
4619,9,7
655,11,7
907,12,7
11187,17,7
8090,16,7
8040,5,7
632,13,7
13303,1,7
9403,17,7
8637,13,7
513,10,7
4970,1,7
5322,8,7
8096,9,7
3176,10,7
8322,8,7
4858,15,7
2088,0,7
11171,5,7
6600,11,7
6622,0,7
5081,7,7
4416,5,7
350,0,7
1757,7,7
4921,8,7
13654,10,7
2038,8,7
9210,16,7
839,6,7
5525,10,7
5292,0,7
9417,10,7
15737,9,7
2065,6,7
6768,8,7
16138,11,7
14988,8,7
1833,10,7
13755,6,7
2785,10,7
1469,5,7
5458,10,7
3699,11,7
10952,5,7
10800,11,7
8826,16,7
7669,4,7
5523,5,7
475,10,7
3770,17,7
5412,4,7
4695,4,7
16756,7,7
2597,7,7
15512,0,7
7623,0,7
14024,11,7
10132,7,7
15105,16,7
1632,5,7
4134,17,7
10958,13,7
2403,5,7
3687,8,7
13236,5,7
17828,8,7
9562,3,7
9973,10,7
1328,1,7
4599,12,7
7845,14,7
3263,6,7
6211,17,7
12376,4,7
9414,11,7
3034,17,7
5509,8,7
4682,7,7
12400,6,7
13576,5,7
15094,4,7
6621,0,7
14981,15,7
11050,1,7
8892,12,7
12018,5,7
1458,3,7
3159,16,7
2351,1,7
17105,10,7
17792,7,7
1924,1,7
4036,14,7
10375,5,7
9878,17,7
4786,14,7
3964,7,7
7139,13,7
14337,15,7
9150,12,7
16549,15,7
6339,6,7
4965,11,7
8115,9,7
6963,16,7
2102,16,7
2439,0,7
201,7,7
2358,8,7
15953,1,7
1252,2,7
13672,11,7
7783,0,7
5147,16,7
14180,16,7
12361,0,7
3830,14,7
1145,16,7
11575,8,7
11051,2,7
11035,3,7
12111,14,7
13614,12,7
6280,6,7
15847,3,7
7894,11,7
12709,6,7
12810,10,7
13128,16,7
5992,5,7
2327,5,7
14925,5,7
2259,8,7
4708,1,7
5655,3,7
14751,0,7
1781,5,7
12627,9,7
15860,0,7
14052,8,7
3934,9,7
17579,4,7
5967,0,7
14546,3,7
15356,16,7
14732,2,7
8084,12,7
12047,17,7
1414,10,7
16606,3,7
3255,9,7
4696,14,7
1350,8,7
16898,1,7
540,6,7
12548,11,7
2633,9,7
2452,9,7
9443,8,7
3924,8,7
2394,4,7
7451,2,7
16642,11,7
6091,6,7
10969,5,7
9892,5,7
14859,2,7
9759,10,7
723,7,7
17373,8,7
7000,15,7
9317,7,7
1955,2,7
1907,17,7
765,11,7
4463,0,7
1798,8,7
12641,1,7
13237,12,7
3032,4,7
10060,12,7
17776,11,7
7667,3,7
5960,12,7
16903,12,7
3115,9,7
10196,4,7
2114,16,7
4968,10,7
1462,5,7
7888,9,7
5449,12,7
8406,4,7
14670,0,7
8678,1,7
6875,6,7
8978,5,7
11085,7,7
16965,15,7
3809,11,7
15947,1,7
7348,2,7
10667,8,7
6433,6,7
13808,7,7
17717,0,7
3043,13,7
5874,10,7
4447,1,7
11074,5,7
15116,5,7
1849,4,7
844,6,7
5756,15,7
3374,9,7
859,5,7
7500,14,7
12489,4,7
10979,3,7
6548,8,7
15659,0,7
1766,8,7
15635,14,7
13544,6,7
6175,4,7
8461,12,7
8930,13,7
1663,16,7
15682,9,7
17890,15,7
8311,17,7
16406,10,7
6395,17,7
4797,7,7
17700,8,7
3666,9,7
13337,13,7
17728,1,7
8220,4,7
2475,15,7
11546,6,7
4392,11,7
14701,13,7
1720,15,7
14948,4,7
9135,7,7
2978,1,7
14956,5,7
5083,9,7
10103,15,7
9635,15,7
13601,12,7
5836,0,7
12097,2,7
8012,7,7
11774,17,7
14184,4,7
14876,15,7
3228,5,7
15081,0,7
10718,5,7
2415,4,7
433,16,7
9572,10,7
5302,9,7
7987,15,7
12848,14,7
10860,5,7
4240,11,7
17189,7,7
15580,11,7
11703,6,7
11585,2,7
7981,15,7
7057,2,7
11173,4,7
8839,3,7
41,5,7
3323,4,7
9200,10,7
4762,6,7
6484,16,7
5609,15,7
9600,9,7
1436,6,7
6610,11,7
2141,15,7
17497,15,7
13367,10,7
9853,1,7
6122,5,7
14110,5,7
9642,7,7
8908,2,7
12418,1,7
6905,6,7
1244,10,7
12846,12,7
16156,1,7
7221,11,7
6901,7,7
2232,7,7
674,13,7
15263,13,7
15901,14,7
17649,10,7
17221,4,7
2879,15,7
17120,3,7
2574,1,7
6250,2,7
13718,10,7
510,3,7
17629,5,7
11708,14,7
1729,13,7
8867,10,7
4692,3,7
13903,7,7
29,0,7
12175,2,7
5400,12,7
2743,14,7
2497,10,7
7627,10,7
17463,10,7
5330,14,7
11864,7,7
5261,2,7
16675,13,7
4353,13,7
5909,16,7
8963,2,7
10947,0,7
4504,12,7
9201,6,7
7247,7,7
13604,16,7
4799,3,7
9734,14,7
7598,10,7
7305,16,7
585,1,7
7435,8,7
14939,1,7
1446,15,7
9074,8,7
2733,1,7
4252,7,7
16603,14,7
17855,11,7
2936,0,7
12987,11,7
353,5,7
1120,17,7
6890,1,7
8334,10,7
17483,1,7
16421,7,7
14408,15,7
7038,12,7
4497,9,7
14422,5,7
5679,5,7
3890,6,7
15521,0,7
8635,1,7
5323,1,7
950,11,7
2980,8,7
17197,12,7
1716,9,7
16312,17,7
11175,9,7
17485,7,7
12615,10,7
15230,5,7
486,8,7
6372,10,7
8977,10,7
9753,9,7
13858,13,7
261,1,7
6402,5,7
5590,5,7
2277,8,7
9917,8,7
2821,4,7
15314,11,7
1068,13,7
3835,9,7
188,5,7
14206,5,7
10944,10,7
17825,0,7
9800,1,7
8647,8,7
15808,12,7
14405,14,7
4212,1,7
17190,12,7
8646,7,7
10832,0,7
15997,8,7
7840,5,7
16077,5,7
14117,3,7
7423,12,7
16391,5,7
11587,2,7
12653,16,7
6619,5,7
6733,11,7
7235,12,7
17378,2,7
11168,5,7
4405,5,7
3549,15,7
3451,11,7
1406,6,7
16917,1,7
13110,14,7
17959,8,7
9251,7,7
346,11,7
13394,15,7
16088,12,7
3215,5,7
15816,7,7
6176,6,7
16871,12,7
635,11,7
12229,5,7
5418,14,7
13555,12,7
8712,3,7
5369,7,7
11123,10,7
729,13,7
9755,5,7
15452,17,7
5755,1,7
5187,0,7
17318,15,7
17760,16,7
8855,6,7
1144,1,7
12776,14,7
16729,9,7
9170,14,7
13526,2,7
13666,7,7
16309,17,7
8833,3,7
10732,7,7
1242,13,7
14804,15,7
1269,2,7
5335,12,7
6477,14,7
2943,15,7
1706,7,7
1712,7,7
5209,2,7
17901,15,7
12805,10,7
4498,10,7
5064,2,7
1607,4,7
6746,14,7
1474,0,7
1017,7,7
6044,7,7
4768,2,7
4083,0,7
1082,9,7
9900,12,7
13230,0,7
17895,14,7
12424,9,7
15855,5,7
9838,13,7
13693,2,7
5236,17,7
3286,6,7
2081,16,7
13306,16,7
15327,15,7
1061,1,7
4712,9,7
766,1,7
1990,7,7
3973,17,7
14448,15,7
5245,0,7
5780,2,7
9378,0,7
16299,2,7
9455,6,7
16522,6,7
12727,3,7
14060,12,7
6412,0,7
15665,10,7
7436,3,7
1307,9,7
11276,8,7
9496,3,7
11815,15,7
16946,16,7
10741,13,7
13454,13,7
6572,0,7
4423,5,7
15495,2,7
15915,12,7
1960,1,7
68,2,7
13946,8,7
14969,17,7
13170,7,7
12320,13,7
14319,17,7
17188,4,7
9447,7,7
1504,17,7
7766,15,7
6347,14,7
17170,13,7
12655,9,7
46,16,7
15851,2,7
2089,6,7
12189,13,7
1995,10,7
17609,2,7
17602,16,7
5651,15,7
15254,9,7
8499,5,7
5143,6,7
16788,4,7
1889,10,7
16598,4,7
15065,4,7
17307,6,7
1847,7,7
14895,13,7
2901,5,7
10890,9,7
526,17,7
4693,0,7
3745,5,7
7578,9,7
16941,10,7
16538,7,7
8014,14,7
1351,15,7
14894,9,7
8325,7,7
13554,4,7
11747,15,7
4905,8,7
15076,6,7
16015,16,7
1496,11,7
8593,5,7
16857,6,7
3045,1,7
14151,8,7
10477,15,7
1382,6,7
10188,1,7
16356,12,7
9326,9,7
17786,3,7
2376,16,7
2011,10,7
17718,10,7
8742,14,7
14205,13,7
6923,7,7
6142,8,7
14754,3,7
6073,3,7
12302,3,7
17174,14,7
13717,10,7
17755,1,7
12892,15,7
17135,6,7
3894,16,7
299,3,7
3016,0,7
15589,15,7
16201,13,7
1912,16,7
1772,15,7
10084,5,7
3726,10,7
15711,5,7
10418,10,7
7,13,7
14765,1,7
7117,16,7
1032,9,7
3065,12,7
12059,9,7
2609,5,7
13816,17,7
10663,17,7
10970,1,7
10916,7,7
9882,1,7
15525,10,7
8634,8,7
12610,11,7
11553,15,7
11116,16,7
3565,10,7
3318,2,7
16434,3,7
16485,11,7
8666,11,7
15302,9,7
2350,8,7
7376,9,7
10322,5,7
4107,12,7
13319,12,7
5503,15,7
10524,0,7
7267,7,7
8280,6,7
23,14,7
17360,7,7
4233,6,7
13010,6,7
1089,4,7
4271,16,7
6904,6,7
11363,11,7
8041,16,7
11514,13,7
4286,13,7
16157,10,7
9407,14,7
1503,6,7
12218,16,7
2372,5,7
10603,1,7
7580,16,7
11806,14,7
13463,1,7
5742,1,7
4507,14,7
12105,13,7
11549,13,7
2951,11,7
13653,1,7
7761,17,7
11366,17,7
6398,13,7
2465,5,7
15380,13,7
17740,7,7
1332,10,7
5562,0,7
9530,3,7
13324,8,7
9844,1,7
4622,8,7
17836,12,7
10162,11,7
3624,14,7
10454,4,7
5058,17,7
3986,9,7
7086,2,7
7644,5,7
4255,4,7
17921,16,7
13787,14,7
10687,8,7
14037,8,7
17010,2,7
4873,1,7
4711,4,7
6870,15,7
8409,15,7
466,12,7
9511,3,7
17259,0,7
2431,10,7
2843,12,7
11970,0,7
15444,8,7
11462,1,7
17474,8,7
7721,12,7
5190,1,7
1104,16,7
15342,1,7
16395,13,7
17597,1,7
17272,14,7
7219,10,7
4216,3,7
7081,7,7
5685,5,7
2454,4,7
1002,1,7
3608,0,7
15348,2,7
4195,2,7
1970,1,7
14458,15,7
16618,10,7
2660,17,7
2893,11,7
15390,12,7
17766,11,7
3872,8,7
9188,8,7
5962,2,7
1449,7,7
10431,4,7
5003,15,7
16829,7,7
12697,6,7
3336,13,7
437,5,7
13332,15,7
13088,6,7
1106,3,7
3056,13,7
15553,0,7
15211,16,7
17751,17,7
3735,10,7
11749,3,7
4472,12,7
5191,7,7
17391,8,7
13004,16,7
3764,11,7
8852,15,7
11014,6,7
3340,3,7
6910,6,7
7850,14,7
7269,0,7
13938,2,7
11827,15,7
2181,13,7
10714,2,7
6298,14,7
13484,15,7
14348,8,7
7810,5,7
3386,11,7
16723,12,7
577,10,7
6950,11,7
3741,3,7
14782,13,7
14666,15,7
12570,0,7
14750,8,7
11301,7,7
14075,11,7
5510,10,7
6562,16,7
7106,15,7
7359,10,7
168,11,7
9194,5,7
14411,4,7
12465,12,7
8704,9,7
12063,3,7
4221,13,7
1055,5,7
1944,6,7
15918,4,7
17593,6,7
15556,16,7
8962,2,7
10308,3,7
9845,15,7
13943,4,7
11378,7,7
6708,8,7
17156,7,7
1026,13,7
11222,2,7
1495,14,7
5662,5,7
16848,7,7
11491,0,7
11573,4,7
8303,17,7
872,17,7
5979,16,7
12983,9,7
7440,8,7
5177,0,7
6595,16,7
15196,0,7
1259,0,7
12964,17,7
17791,6,7
6330,7,7
1490,2,7
17911,12,7
798,1,7
5037,1,7
13772,13,7
2323,17,7
12187,11,7
1425,7,7
3521,6,7
2257,2,7
6329,6,7
10792,1,7
7630,6,7
8604,17,7
16460,15,7
17878,0,7
8964,17,7
14930,11,7
12989,15,7
4323,4,7
10161,8,7
11983,7,7
8606,12,7
4356,6,7
12434,11,7
11474,11,7
797,1,7
17826,14,7
11081,12,7
8518,11,7
170,14,7
5805,3,7
6310,3,7
16577,17,7
13330,1,7
2852,5,7
1556,8,7
1294,17,7
11435,1,7
1229,8,7
17230,15,7
15212,11,7
4419,9,7
12787,11,7
8287,1,7
12,5,7
3987,8,7
4156,5,7
21,14,7
1170,17,7
875,9,7
15541,13,7
954,1,7
16162,6,7
3145,17,7
8979,17,7
13807,9,7
16611,7,7
8267,14,7
8368,15,7
10355,7,7
4784,9,7
14493,10,7
5137,0,7
3073,7,7
1275,16,7
8804,10,7
11189,16,7
12071,15,7
11154,10,7
17549,1,7
11352,1,7
7369,11,7
10183,4,7
11006,17,7
11522,1,7
1711,0,7
8843,2,7
14297,7,7
15596,11,7
6045,6,7
12370,13,7
13028,14,7
2169,15,7
15338,9,7
14762,12,7
3738,6,7
15244,0,7
10235,13,7
4445,4,7
1115,12,7
2732,9,7
1131,9,7
13638,15,7
16136,17,7
8923,8,7
1031,7,7
7302,3,7
7921,0,7
8609,12,7
5404,15,7
8602,17,7
7527,10,7
2053,1,7
7002,12,7
772,5,7
9797,4,7
8535,10,7
15727,2,7
16100,3,7
5181,15,7
4026,15,7
5426,14,7
7446,15,7
7484,16,7
12730,8,7
17908,1,7
11901,5,7
2992,12,7
10193,9,7
822,8,7
7208,9,7
15777,11,7
17309,10,7
6299,6,7
12154,5,7
17292,4,7
5396,6,7
15180,10,7
2772,6,7
5887,15,7
6018,17,7
7948,12,7
15871,11,7
12978,7,7
4909,8,7
15215,14,7
7877,7,7
1898,15,7
5606,9,7
8417,6,7
13189,17,7
332,7,7
2628,13,7
17043,5,7
553,9,7
11649,7,7
2496,9,7
14229,4,7
14436,3,7
1122,10,7
8447,15,7
8082,7,7
16476,14,7
2538,17,7
17432,11,7
15670,17,7
8988,10,7
12946,2,7
17711,3,7
6072,10,7
11976,6,7
1682,10,7
14509,11,7
2818,2,7
12920,2,7
6565,13,7
12005,15,7
4529,1,7
3864,7,7
6251,3,7
13639,13,7
10625,8,7
8044,5,7
8739,12,7
7295,11,7
13998,10,7
8024,6,7
10338,2,7
612,10,7
5589,7,7
15526,7,7
13259,1,7
16468,10,7
13171,11,7
8516,5,7
9630,16,7
1006,13,7
3501,9,7
5043,15,7
12076,13,7
1638,2,7
1890,3,7
8008,4,7
11476,8,7
17263,4,7
157,15,7
13874,9,7
4641,7,7
10225,14,7
13140,14,7
9609,0,7
7306,17,7
2753,4,7
12808,13,7
10209,17,7
3102,12,7
7136,4,7
7187,17,7
12692,9,7
6867,0,7
13362,11,7
5487,13,7
10925,11,7
7065,12,7
4560,14,7
2385,3,7
2461,15,7
17358,9,7
9670,7,7
4290,7,7
7444,12,7
14204,9,7
9128,2,7
10868,11,7
10788,15,7
12404,3,7
10770,1,7
6662,17,7
11616,9,7
416,0,7
9792,11,7
10291,8,7
6954,15,7
8202,4,7
17922,2,7
9629,13,7
81,17,7
10104,14,7
7675,1,7
10609,4,7
1963,6,7
5743,6,7
13593,2,7
10107,14,7
1129,2,7
3174,3,7
4415,1,7
5411,2,7
9361,10,7
16969,2,7
16094,4,7
14970,4,7
1276,12,7
10229,11,7
4171,11,7
6874,12,7
6878,7,7
16785,14,7
2567,15,7
5970,17,7
1786,5,7
16534,17,7
10334,10,7
12650,13,7
6265,16,7
2392,6,7
4125,11,7
17316,8,7
2570,17,7
3533,12,7
629,3,7
8812,5,7
12731,2,7
15020,7,7
11075,13,7
13951,13,7
12010,15,7
16990,3,7
7584,11,7
15134,6,7
13720,4,7
17356,11,7
14242,11,7
16663,12,7
15533,3,7
3513,14,7
9186,2,7
6557,16,7
426,5,7
9675,13,7
13012,5,7
11411,4,7
1694,15,7
17478,5,7
1527,3,7
15441,4,7
9122,6,7
7718,4,7
6640,2,7
8736,11,7
2284,17,7
8698,14,7
15096,9,7
14945,5,7
14214,0,7
6800,6,7
15784,4,7
12101,7,7
6872,6,7
6933,6,7
116,2,7
2189,11,7
8612,13,7
5285,7,7
1472,6,7
10633,4,7
17731,16,7
5873,9,7
816,0,7
5202,13,7
7913,17,7
11134,1,7
7310,5,7
11339,6,7
15815,4,7
3871,2,7
3901,12,7
3502,8,7
9327,6,7
10853,1,7
16520,12,7
17725,9,7
308,2,7
2429,7,7
1659,3,7
5046,12,7
6252,1,7
12952,1,7
8331,7,7
7834,14,7
11422,11,7
16515,5,7
17920,13,7
13152,8,7
15019,12,7
6195,13,7
4251,17,7
4404,6,7
12685,13,7
7648,4,7
7016,0,7
16023,6,7
1721,0,7
6483,2,7
10017,1,7
16963,12,7
8997,5,7
1552,10,7
11904,13,7
11642,10,7
5402,5,7
9382,10,7
5415,0,7
4199,6,7
15910,15,7
15008,12,7
9138,17,7
451,10,7
16832,6,7
10472,3,7
7079,15,7
4984,6,7
283,9,7
317,13,7
17900,13,7
17979,5,7
858,11,7
9893,12,7
1817,3,7
83,13,7
17716,11,7
7372,11,7
856,8,7
5071,16,7
568,7,7
818,13,7
7424,9,7
11415,17,7
14989,14,7
11122,14,7
16608,4,7
2962,12,7
4986,1,7
11510,3,7
8075,9,7
3603,11,7
9820,15,7
12901,12,7
763,8,7
6588,2,7
5642,4,7
6342,9,7
3626,6,7
706,7,7
4733,2,7
4142,5,7
4477,14,7
3712,16,7
11008,0,7
13608,8,7
2021,16,7
5568,8,7
16626,4,7
10410,2,7
6155,10,7
15696,16,7
1077,9,7
13453,4,7
10024,6,7
255,5,7
17870,8,7
7035,14,7
8734,2,7
11693,2,7
8351,17,7
5381,17,7
6652,4,7
11520,5,7
3464,9,7
9552,4,7
12298,10,7
3244,6,7
13699,1,7
6296,14,7
12057,8,7
6028,2,7
7819,0,7
3522,17,7
14766,5,7
15318,14,7
2226,1,7
4525,17,7
6897,8,7
601,0,7
7524,16,7
13291,16,7
8751,17,7
14910,10,7
9938,4,7
16008,8,7
10995,1,7
4955,4,7
12737,2,7
15827,15,7
5033,7,7
10362,11,7
12482,15,7
6827,17,7
10768,16,7
10678,12,7
6851,5,7
17441,17,7
5042,17,7
2280,14,7
9583,15,7
6748,12,7
9225,5,7
9751,14,7
7905,8,7
515,3,7
14526,8,7
7005,14,7
1502,15,7
1167,12,7
9508,17,7
16370,3,7
15468,6,7
9457,3,7
5100,11,7
8423,2,7
13212,15,7
3998,7,7
17520,5,7
6157,15,7
9442,10,7
8875,13,7
13532,4,7
17677,9,7
9433,8,7
262,14,7
1452,16,7
1238,5,7
16367,14,7
6977,13,7
17535,14,7
12425,3,7
6092,2,7
5223,11,7
7925,17,7
9437,14,7
10884,3,7
5319,2,7
2638,15,7
7438,15,7
4344,10,7
6935,7,7
8699,0,7
3136,6,7
14307,8,7
4808,10,7
11966,17,7
4919,17,7
11176,10,7
1023,1,7
17517,14,7
2237,9,7
10393,4,7
13183,11,7
16334,2,7
8836,16,7
8057,5,7
1950,6,7
10412,14,7
7335,5,7
3700,5,7
6129,4,7
4570,10,7
15295,3,7
11414,0,7
947,10,7
15790,12,7
14081,11,7
15687,10,7
3099,0,7
16620,0,7
909,4,7
17919,9,7
10314,16,7
5002,0,7
13530,2,7
3898,9,7
361,0,7
717,2,7
3940,15,7
17471,14,7
16845,2,7
2851,16,7
15170,0,7
4046,5,7
8199,1,7
15336,2,7
3431,8,7
9847,1,7
15149,4,7
3250,17,7
17666,17,7
14528,16,7
16950,3,7
12969,9,7
14741,13,7
3198,6,7
5215,8,7
8524,2,7
3788,5,7
1728,15,7
17807,14,7
15048,12,7
9469,12,7
4435,0,7
5714,2,7
7974,2,7
115,5,7
9569,6,7
10666,5,7
10563,0,7
4859,15,7
12052,0,7
17393,9,7
9006,5,7
11746,14,7
2134,14,7
3013,16,7
103,10,7
9310,16,7
5447,10,7
16961,13,7
13580,0,7
5869,5,7
15326,0,7
3606,15,7
10882,3,7
16263,7,7
370,0,7
12449,10,7
11738,4,7
11143,17,7
3210,3,7
3969,15,7
17054,3,7
3582,8,7
10157,3,7
9714,4,7
6500,5,7
12556,16,7
14710,7,7
16245,17,7
17584,17,7
3033,17,7
1471,13,7
2344,6,7
13301,9,7
2712,2,7
6132,16,7
16528,5,7
184,2,7
1317,13,7
5726,15,7
10600,0,7
7011,5,7
10347,7,7
15499,11,7
13721,17,7
5575,12,7
11297,15,7
11262,2,7
209,13,7
5929,15,7
8283,3,7
6005,3,7
6147,13,7
4508,15,7
13556,11,7
8415,7,7
1267,17,7
12499,16,7
12996,9,7
4876,4,7
15483,9,7
4697,10,7
10476,11,7
1545,16,7
12491,4,7
16165,3,7
6009,0,7
14512,7,7
14499,2,7
13927,5,7
9650,7,7
10264,4,7
15761,0,7
5971,1,7
331,5,7
6456,17,7
1630,16,7
4867,10,7
3356,1,7
14582,16,7
17683,10,7
7553,14,7
13849,1,7
7833,14,7
14280,9,7
6947,6,7
5327,14,7
12312,14,7
16092,12,7
16374,9,7
15467,12,7
11444,9,7
2289,17,7
8490,6,7
10372,10,7
5526,2,7
15365,5,7
12385,14,7
3915,16,7
2510,2,7
3071,14,7
2920,15,7
9346,1,7
1045,11,7
3406,16,7
8149,13,7
3147,12,7
4490,3,7
7303,7,7
12661,12,7
7483,12,7
6509,7,7
14276,13,7
5839,1,7
4105,16,7
4533,6,7
6159,14,7
17837,1,7
5851,7,7
16851,10,7
17499,14,7
8546,5,7
17086,12,7
2878,12,7
3576,8,7
13684,10,7
14253,1,7
3060,9,7
9243,17,7
17447,2,7
17216,10,7
3839,0,7
15688,8,7
4704,8,7
3786,1,7
15278,3,7
8295,6,7
2278,7,7
16736,16,7
1836,6,7
11754,11,7
5386,9,7
6322,16,7
4124,7,7
5048,9,7
17614,8,7
5148,3,7
13169,0,7
3629,9,7
9566,17,7
3207,1,7
10501,10,7
4094,17,7
13939,0,7
15347,6,7
5827,8,7
3312,12,7
1196,2,7
6758,15,7
13960,2,7
7403,3,7
7422,13,7
7461,11,7
17153,8,7
11150,7,7
13354,13,7
536,9,7
11538,2,7
5077,10,7
10182,2,7
15555,15,7
13745,10,7
15158,12,7
11673,8,7
5247,6,7
8772,7,7
17904,9,7
16707,2,7
5067,1,7
4042,4,7
14984,9,7
5577,0,7
225,0,7
751,0,7
5049,15,7
10823,8,7
10151,9,7
16556,12,7
16920,4,7
9645,17,7
14826,16,7
7579,17,7
15760,1,7
142,16,7
407,13,7
2617,14,7
736,4,7
10815,12,7
14227,1,7
8961,9,7
10082,5,7
9358,7,7
4424,1,7
16753,1,7
6367,7,7
11094,11,7
4811,8,7
5242,13,7
4526,17,7
2758,12,7
1609,17,7
9749,14,7
13891,10,7
4013,15,7
563,12,7
17571,9,7
14538,4,7
7283,1,7
5325,0,7
14269,6,7
754,12,7
13913,15,7
5489,7,7
15549,17,7
12268,12,7
14384,7,7
382,9,7
8808,11,7
9713,2,7
3005,6,7
7686,0,7
9016,14,7
17973,8,7
3912,0,7
14803,15,7
12325,1,7
13865,4,7
6321,1,7
3246,14,7
17160,13,7
6675,9,7
17961,14,7
15898,12,7
2300,13,7
4821,11,7
7842,4,7
1187,2,7
15368,3,7
15167,13,7
17879,10,7
14078,11,7
5978,5,7
7477,16,7
1265,7,7
3981,13,7
4735,12,7
7542,3,7
6617,1,7
3085,0,7
9840,13,7
12783,14,7
3631,4,7
5936,11,7
14794,15,7
17134,5,7
3866,13,7
9105,11,7
8359,1,7
11650,14,7
9454,6,7
17707,0,7
10903,6,7
3832,1,7
8223,6,7
14267,2,7
16253,16,7
13426,3,7
9740,13,7
15890,5,7
8769,2,7
17955,17,7
14871,4,7
12295,17,7
384,3,7
8550,0,7
14113,9,7
12356,13,7
6528,14,7
17025,11,7
14483,4,7
4207,2,7
9829,11,7
6374,15,7
929,3,7
16926,12,7
17881,17,7
13829,5,7
16187,10,7
13197,14,7
9531,3,7
172,13,7
3183,15,7
15066,15,7
12374,7,7
14092,12,7
518,15,7
11387,17,7
4789,2,7
8731,11,7
7052,11,7
10759,16,7
9516,5,7
10968,15,7
16020,11,7
10720,5,7
8434,13,7
3041,13,7
3161,5,7
9702,11,7
8847,14,7
5578,14,7
7963,6,7
12377,7,7
6820,5,7
2913,13,7
17735,8,7
17117,3,7
16775,13,7
13663,8,7
13036,16,7
15073,7,7
17541,10,7
2795,10,7
10214,7,7
17611,11,7
6004,17,7
11095,0,7
12898,0,7
6501,14,7
6363,3,7
12448,3,7
10842,9,7
8284,1,7
8319,7,7
14009,2,7
3884,16,7
16226,6,7
3407,4,7
1166,1,7
11933,16,7
12366,0,7
10234,15,7
10227,13,7
11890,5,7
2572,12,7
15662,1,7
10984,7,7
13305,9,7
14545,5,7
13899,4,7
3693,4,7
16447,0,7
17419,9,7
12740,4,7
14967,8,7
11811,5,7
3532,12,7
12121,17,7
9742,4,7
12735,17,7
5105,10,7
16850,1,7
9187,4,7
8385,0,7
7180,9,7
14347,16,7
13032,5,7
16207,15,7
15186,3,7
1646,4,7
4912,12,7
5347,7,7
2438,12,7
15798,13,7
8454,8,7
8022,3,7
2666,1,7
17396,12,7
7841,1,7
8245,15,7
15951,6,7
854,13,7
1098,6,7
11987,3,7
1420,15,7
7691,7,7
4287,3,7
418,12,7
15147,0,7
11556,17,7
14183,16,7
4318,0,7
7938,0,7
5529,3,7
15021,14,7
6035,10,7
1136,1,7
7153,5,7
6138,5,7
2389,7,7
13116,0,7
800,6,7
9852,7,7
17658,17,7
3828,1,7
11208,17,7
6199,13,7
1369,12,7
9560,9,7
12214,14,7
8393,15,7
16565,11,7
6468,16,7
15949,0,7
3137,3,7
10468,14,7
15542,3,7
5397,0,7
13819,0,7
14487,2,7
7678,2,7
11096,9,7
11819,7,7
2568,4,7
4074,11,7
9113,14,7
1631,8,7
1309,15,7
3510,8,7
7986,9,7
3262,8,7
325,2,7
15965,16,7
2177,10,7
10045,3,7
3983,1,7
13914,7,7
7028,7,7
7695,6,7
5023,16,7
16855,4,7
2844,17,7
6165,4,7
8338,8,7
14282,7,7
5214,9,7
8946,13,7
5587,16,7
9429,10,7
4390,5,7
8426,6,7
3281,2,7
7600,6,7
8046,15,7
12664,2,7
3688,10,7
11260,15,7
12684,6,7
9043,11,7
7265,7,7
12140,16,7
6473,10,7
9915,7,7
13963,12,7
16178,16,7
16566,2,7
6376,6,7
8936,16,7
15367,16,7
4791,10,7
4262,0,7
852,13,7
6059,17,7
8851,12,7
166,4,7
11196,1,7
17106,13,7
850,0,7
8026,15,7
6327,5,7
8489,11,7
15291,9,7
10445,15,7
16664,6,7
10821,11,7
478,8,7
1322,9,7
15200,10,7
10502,11,7
3628,14,7
5656,11,7
17644,4,7
14030,4,7
5569,14,7
3191,16,7
2853,8,7
10811,17,7
5304,16,7
3357,7,7
3199,17,7
2678,12,7
3219,16,7
2460,8,7
13673,11,7
15477,4,7
13014,11,7
4518,9,7
1880,3,7
15891,16,7
9574,11,7
3271,10,7
15440,15,7
14182,10,7
7536,12,7
15716,6,7
4916,1,7
2191,7,7
3252,14,7
11699,4,7
3765,11,7
15145,15,7
5372,1,7
4621,12,7
9101,5,7
1262,14,7
15119,2,7
2462,3,7
16502,5,7
12584,8,7
2064,1,7
3757,2,7
16128,10,7
10554,7,7
14628,12,7
11314,16,7
9180,9,7
16132,8,7
6294,2,7
1892,1,7
5238,1,7
10668,2,7
6981,3,7
6203,15,7
7590,9,7
17939,8,7
12521,16,7
9159,8,7
4265,15,7
15255,1,7
16275,4,7
13558,8,7
3996,13,7
6472,5,7
3480,11,7
16294,15,7
8723,0,7
14072,0,7
10883,7,7
8642,12,7
16687,12,7
9575,13,7
4228,13,7
15509,4,7
12789,10,7
9269,11,7
15004,0,7
1994,14,7
14991,15,7
1320,5,7
11959,5,7
16535,7,7
7224,14,7
4593,12,7
3748,1,7
17699,0,7
768,16,7
448,8,7
13404,2,7
10542,6,7
5324,0,7
17797,10,7
10627,9,7
802,16,7
4152,14,7
14835,13,7
6487,6,7
15316,12,7
13956,4,7
17355,15,7
482,3,7
6230,9,7
15080,2,7
6060,17,7
10849,13,7
9807,9,7
220,9,7
1894,16,7
2294,12,7
4833,15,7
17361,9,7
16218,9,7
1804,11,7
4515,13,7
4792,15,7
7773,14,7
12859,4,7
4154,14,7
1572,14,7
2401,15,7
2347,10,7
4136,5,7
9504,13,7
12021,17,7
11717,14,7
16529,12,7
7338,13,7
7075,14,7
6765,2,7
264,2,7
1147,6,7
1895,6,7
7709,10,7
17304,7,7
4635,3,7
10601,5,7
10845,2,7
2242,7,7
3305,13,7
15109,10,7
10585,13,7
7867,15,7
13967,9,7
1368,4,7
13470,17,7
16254,7,7
2305,13,7
3585,11,7
6094,7,7
6706,7,7
17390,9,7
17680,9,7
1041,10,7
12823,7,7
11288,15,7
15681,6,7
17281,7,7
15543,2,7
4855,10,7
11878,7,7
13990,0,7
10772,8,7
3990,8,7
13187,17,7
7825,0,7
2061,7,7
2542,12,7
10523,10,7
16191,17,7
14867,13,7
17222,4,7
8857,8,7
11552,1,7
2397,14,7
13930,7,7
7748,1,7
4194,7,7
11375,15,7
8341,2,7
14656,13,7
14346,16,7
1063,13,7
14005,12,7
17249,9,7
7133,8,7
11681,10,7
4077,11,7
398,14,7
11563,0,7
12463,7,7
12717,8,7
17984,15,7
2151,17,7
12561,7,7
5089,8,7
16362,1,7
2042,11,7
11840,17,7
2683,12,7
3369,10,7
10494,12,7
6041,5,7
15451,9,7
15565,15,7
11303,16,7
762,17,7
13814,5,7
9830,11,7
11426,2,7
73,7,7
14186,9,7
17317,16,7
13933,14,7
14775,9,7
1787,1,7
6818,5,7
4577,9,7
3733,4,7
9487,12,7
4283,4,7
16001,13,7
4250,5,7
9237,2,7
17686,7,7
5725,2,7
14185,3,7
14977,12,7
8509,15,7
9966,0,7
7670,13,7
656,2,7
11210,4,7
5658,10,7
1480,17,7
16424,17,7
3020,12,7
14802,11,7
10112,2,7
15924,9,7
15832,8,7
6996,17,7
3276,6,7
16491,15,7
2240,6,7
15448,12,7
12678,3,7
14295,13,7
2087,15,7
1952,16,7
3266,0,7
2656,15,7
13214,17,7
8567,14,7
10383,12,7
14909,2,7
6590,10,7
1587,0,7
6685,8,7
5950,14,7
8590,13,7
6186,16,7
12194,0,7
8254,13,7
2109,2,7
8942,6,7
9561,5,7
16220,11,7
13649,4,7
7406,7,7
2074,14,7
17726,2,7
10462,11,7
11952,11,7
11294,1,7
8438,2,7
7741,8,7
14301,11,7
10500,7,7
10313,0,7
2170,0,7
11498,14,7
14720,8,7
5014,6,7
16119,7,7
3479,14,7
10941,4,7
581,17,7
6425,13,7
7812,10,7
652,9,7
8275,10,7
3527,8,7
22,8,7
1172,2,7
7518,13,7
200,6,7
1971,16,7
16134,12,7
2984,16,7
14523,13,7
12880,14,7
7009,15,7
15205,3,7
12288,5,7
7611,5,7
7642,12,7
5617,3,7
10304,9,7
10283,14,7
10861,3,7
11770,9,7
6946,2,7
17261,5,7
3128,16,7
5908,17,7
3424,8,7
4200,13,7
13752,17,7
3057,5,7
16435,12,7
12217,0,7
15588,12,7
8098,15,7
3410,13,7
3718,10,7
5080,0,7
7070,12,7
17952,13,7
901,7,7
3536,16,7
9184,17,7
3573,2,7
2815,9,7
5647,10,7
3742,3,7
8985,9,7
9505,3,7
6448,14,7
13896,14,7
2269,17,7
628,8,7
1431,2,7
13218,3,7
10777,1,7
10564,6,7
11242,12,7
13730,10,7
3971,9,7
16392,16,7
17299,8,7
16541,9,7
4721,8,7
8052,16,7
16983,17,7
1105,6,7
12666,11,7
4069,3,7
12433,9,7
13779,3,7
12118,6,7
14691,4,7
9422,2,7
5778,11,7
8870,17,7
14532,13,7
16462,8,7
6479,12,7
8756,17,7
17005,3,7
15103,10,7
882,16,7
5930,10,7
8188,5,7
14846,10,7
6182,4,7
8576,2,7
11277,1,7
13282,16,7
17071,10,7
5476,12,7
631,11,7
6587,1,7
15083,3,7
5367,8,7
112,9,7
7944,10,7
3158,0,7
3160,6,7
4450,13,7
9996,6,7
1460,1,7
16369,1,7
10898,8,7
14702,12,7
4535,9,7
15366,6,7
7923,6,7
8996,9,7
12408,12,7
14012,4,7
8934,3,7
13651,17,7
16448,3,7
191,0,7
14836,11,7
17957,12,7
8864,16,7
15885,8,7
14572,16,7
6308,17,7
4335,5,7
4067,3,7
195,7,7
13483,8,7
10779,0,7
6537,11,7
11748,13,7
16993,17,7
5469,12,7
8020,0,7
11885,0,7
7507,6,7
2759,16,7
5761,15,7
9920,6,7
13352,12,7
10324,14,7
17556,7,7
15460,6,7
12074,16,7
11936,4,7
2253,16,7
3686,5,7
13286,6,7
2682,8,7
10986,17,7
11894,10,7
13178,15,7
4841,15,7
16225,14,7
868,7,7
15501,9,7
11675,16,7
2288,17,7
8531,17,7
8598,8,7
14845,13,7
9796,6,7
16536,7,7
12713,16,7
4511,15,7
4979,4,7
7273,9,7
2308,17,7
813,2,7
14391,8,7
17233,5,7
